customer_id,recency,frequency,monetary,avg_order
1,8,5,188.84,37.77
2,13,2,94.07,47.04
3,55,4,152.1,38.02
4,6,4,165.36,41.34
5,52,3,149.74,49.91
6,24,4,134.86,33.72
7,43,3,74.04,24.68
8,37,4,187.34,46.84
9,6,1,88.68,88.68
10,25,3,204.51,68.17
11,60,5,288.41,57.68
12,16,3,127.15,42.38
13,101,2,171.47,85.74
14,18,4,132.69,33.17
15,4,5,149.83,29.97
16,14,5,235.15,47.03
17,90,2,82.65,41.32
18,11,3,70.49,23.5
19,60,4,126.89,31.72
20,63,3,160.69,53.56
21,12,4,107.83,26.96
22,2,5,172.72,34.54
23,38,2,112.85,56.42
24,11,4,328.03,82.01
25,45,4,119.04,29.76
26,17,4,311.03,77.76
27,19,6,159.25,26.54
28,45,1,141.89,141.89
29,14,2,104.03,52.02
30,17,5,156.57,31.31
31,14,4,100.96,25.24
32,13,2,161.32,80.66
33,22,8,323.24,40.4
34,49,4,198.46,49.62
35,13,5,146.0,29.2
36,22,3,121.31,40.44
37,33,2,110.71,55.36
38,9,5,228.82,45.76
39,9,5,278.06,55.61
40,81,2,106.52,53.26
41,38,3,72.3,24.1
42,25,4,92.12,23.03
43,31,6,162.26,27.04
44,0,6,278.74,46.46
45,28,4,203.51,50.88
46,21,3,193.91,64.64
47,23,4,124.78,31.2
48,13,4,137.37,34.34
49,2,2,195.46,97.73
50,6,7,378.17,54.02
51,90,2,197.68,98.84
52,15,6,277.74,46.29
53,18,5,143.03,28.61
54,1,4,209.98,52.5
55,1,3,83.97,27.99
56,37,4,253.54,63.38
57,23,3,166.15,55.38
58,21,7,206.19,29.46
59,8,3,67.8,22.6
60,40,7,204.51,29.22
61,5,4,161.88,40.47
62,6,1,108.33,108.33
63,18,6,186.94,31.16
64,10,1,72.83,72.83
65,8,7,178.84,25.55
66,31,3,298.03,99.34
67,31,5,383.38,76.68
68,52,4,176.66,44.16
69,16,6,161.71,26.95
70,2,9,211.67,23.52
71,9,5,166.56,33.31
72,117,2,316.21,158.1
73,27,4,180.16,45.04
74,37,1,205.31,205.31
75,0,1,202.95,202.95
76,21,3,192.96,64.32
77,1,5,129.36,25.87
78,25,2,223.43,111.72
79,76,6,146.02,24.34
80,103,4,123.26,30.82
81,23,1,123.28,123.28
82,18,5,161.26,32.25
83,87,2,142.5,71.25
84,33,7,164.5,23.5
85,2,4,123.36,30.84
86,18,2,169.1,84.55
87,8,2,459.74,229.87
88,19,1,232.5,232.5
89,18,4,97.09,24.27
90,26,3,126.37,42.12
91,13,5,149.42,29.88
92,5,6,201.32,33.55
93,21,2,142.36,71.18
94,53,1,72.07,72.07
95,32,6,287.49,47.92
96,12,6,307.93,51.32
97,82,2,220.91,110.46
98,72,1,57.05,57.05
99,7,3,166.24,55.41
100,1,3,229.66,76.55
101,40,3,208.24,69.41
102,52,7,281.27,40.18
103,103,7,355.06,50.72
104,66,6,177.05,29.51
105,27,6,133.96,22.33
106,22,1,85.65,85.65
107,0,3,128.77,42.92
108,8,6,500.93,83.49
109,18,6,168.37,28.06
110,29,2,225.12,112.56
111,24,5,433.89,86.78
112,40,4,366.27,91.57
113,9,3,142.08,47.36
114,24,3,209.81,69.94
115,2,3,159.72,53.24
116,16,7,181.54,25.93
117,41,5,306.28,61.26
118,35,2,168.26,84.13
119,140,2,76.93,38.47
120,9,2,101.44,50.72
121,20,6,193.69,32.28
122,11,4,269.91,67.48
123,17,2,68.18,34.09
124,58,4,108.06,27.02
125,34,7,238.21,34.03
126,64,3,94.77,31.59
127,6,6,192.16,32.03
128,61,3,115.32,38.44
129,1,2,48.48,24.24
130,65,8,206.43,25.8
131,11,9,250.31,27.81
132,11,1,181.93,181.93
133,21,4,369.51,92.38
134,84,7,182.47,26.07
135,1,2,134.97,67.48
136,13,10,320.85,32.08
137,58,4,441.69,110.42
138,15,4,133.0,33.25
139,6,7,180.28,25.75
140,16,3,122.1,40.7
141,14,1,60.01,60.01
142,74,5,235.07,47.01
143,43,1,185.56,185.56
144,21,4,180.9,45.22
145,133,6,215.85,35.98
146,18,6,329.2,54.87
147,1,5,170.83,34.17
148,9,2,186.74,93.37
149,17,2,109.83,54.92
150,5,2,68.98,34.49
151,88,3,247.55,82.52
152,43,4,185.53,46.38
153,9,2,215.9,107.95
154,26,2,154.56,77.28
155,38,2,164.92,82.46
156,85,3,101.08,33.69
157,64,4,202.59,50.65
158,21,3,267.82,89.27
159,44,3,138.07,46.02
160,24,4,130.76,32.69
161,24,3,210.58,70.19
162,3,5,125.45,25.09
163,4,5,326.16,65.23
164,22,2,109.1,54.55
165,9,3,207.07,69.02
166,0,2,146.19,73.1
167,38,3,248.2,82.73
168,0,4,275.04,68.76
169,27,3,157.85,52.62
170,23,5,354.58,70.92
171,104,4,103.2,25.8
172,19,5,220.39,44.08
173,1,2,250.35,125.18
174,24,2,164.47,82.24
175,55,2,90.64,45.32
176,172,3,159.44,53.15
177,16,3,114.21,38.07
178,11,6,172.72,28.79
179,71,6,223.21,37.2
180,6,3,63.72,21.24
181,28,3,131.21,43.74
182,15,4,176.15,44.04
183,1,3,151.77,50.59
184,12,2,84.34,42.17
185,9,3,183.86,61.29
186,34,6,207.86,34.64
187,89,6,426.24,71.04
188,9,4,208.06,52.02
189,50,5,155.64,31.13
190,1,2,188.35,94.18
191,23,4,96.02,24.0
192,2,5,191.29,38.26
193,81,4,185.68,46.42
194,43,4,172.08,43.02
195,32,4,122.06,30.52
196,52,4,170.1,42.52
197,31,6,150.14,25.02
198,104,4,337.78,84.44
199,37,6,210.66,35.11
200,77,3,180.57,60.19
201,21,3,81.86,27.29
202,3,6,171.87,28.64
203,22,4,210.17,52.54
204,4,4,250.12,62.53
205,26,4,117.79,29.45
206,19,7,260.18,37.17
207,29,7,202.81,28.97
208,0,4,94.67,23.67
209,6,6,170.41,28.4
210,20,3,234.07,78.02
211,90,5,287.38,57.48
212,14,4,182.96,45.74
213,16,3,154.07,51.36
214,37,5,161.86,32.37
215,27,2,46.6,23.3
216,10,4,191.79,47.95
217,15,2,80.48,40.24
218,7,4,286.51,71.63
219,101,4,108.37,27.09
220,4,2,221.0,110.5
221,13,3,74.07,24.69
222,0,5,483.64,96.73
223,7,3,82.81,27.6
224,45,6,307.79,51.3
225,6,1,69.19,69.19
226,2,4,209.66,52.42
227,19,3,318.94,106.31
228,0,1,87.53,87.53
229,2,3,421.16,140.39
230,49,3,323.21,107.74
231,44,5,119.8,23.96
232,74,3,143.22,47.74
233,57,2,109.47,54.74
234,34,2,127.54,63.77
235,1,1,82.18,82.18
236,45,3,98.03,32.68
237,56,5,179.4,35.88
238,48,4,206.61,51.65
239,21,6,123.63,20.6
240,7,6,279.55,46.59
241,55,4,175.84,43.96
242,38,5,329.88,65.98
243,118,2,98.1,49.05
244,5,4,131.59,32.9
245,7,5,142.03,28.41
246,7,5,221.82,44.36
247,47,4,92.15,23.04
248,6,3,104.74,34.91
249,2,3,156.92,52.31
250,196,4,99.43,24.86
251,0,4,169.56,42.39
252,54,5,302.85,60.57
253,13,1,205.35,205.35
254,55,3,136.59,45.53
255,24,5,265.92,53.18
256,69,3,178.29,59.43
257,78,5,196.85,39.37
258,0,4,212.68,53.17
259,2,3,121.98,40.66
260,8,4,146.72,36.68
261,33,8,275.96,34.49
262,65,4,163.35,40.84
263,18,6,301.85,50.31
264,28,9,325.6,36.18
265,6,2,185.05,92.52
266,49,3,184.93,61.64
267,102,3,156.03,52.01
268,9,2,182.66,91.33
269,20,4,251.61,62.9
270,2,5,210.5,42.1
271,24,2,80.76,40.38
272,20,8,244.77,30.6
273,4,7,160.13,22.88
274,17,3,257.45,85.82
275,12,3,203.03,67.68
276,22,2,80.29,40.15
277,26,1,68.55,68.55
278,0,5,303.38,60.68
279,42,4,126.14,31.54
280,37,5,118.97,23.79
281,13,6,148.74,24.79
282,1,2,105.87,52.94
283,42,2,97.33,48.66
284,93,3,121.27,40.42
285,8,7,278.74,39.82
286,11,4,131.93,32.98
287,6,4,193.75,48.44
288,25,3,89.46,29.82
289,5,7,330.59,47.23
290,13,2,72.4,36.2
291,35,4,165.23,41.31
292,24,2,115.29,57.64
293,14,3,167.31,55.77
294,16,5,247.97,49.59
295,24,6,178.74,29.79
296,0,9,330.69,36.74
297,2,3,241.92,80.64
298,63,3,130.86,43.62
299,2,5,362.79,72.56
300,36,1,127.18,127.18
301,75,5,163.57,32.71
302,9,4,169.35,42.34
303,13,7,402.79,57.54
304,25,3,170.26,56.75
305,64,3,170.18,56.73
306,85,4,197.75,49.44
307,40,7,299.66,42.81
308,2,1,128.91,128.91
309,33,5,229.08,45.82
310,15,5,188.12,37.62
311,19,4,176.02,44.0
312,1,5,265.63,53.13
313,6,5,144.55,28.91
314,46,5,184.89,36.98
315,18,2,107.42,53.71
316,10,6,142.54,23.76
317,14,7,165.79,23.68
318,57,1,104.32,104.32
319,41,5,270.92,54.18
320,9,3,157.98,52.66
321,3,3,112.08,37.36
322,8,4,290.22,72.56
323,76,2,101.03,50.52
324,26,2,74.18,37.09
325,22,6,385.68,64.28
326,27,1,108.9,108.9
327,13,3,301.82,100.61
328,49,4,163.16,40.79
329,22,3,144.7,48.23
330,3,3,81.46,27.15
331,4,2,99.64,49.82
332,23,2,158.22,79.11
333,82,4,215.35,53.84
334,11,2,133.36,66.68
335,61,3,126.07,42.02
336,43,1,105.54,105.54
337,8,2,72.55,36.28
338,1,8,377.03,47.13
339,3,7,287.08,41.01
340,39,2,116.65,58.32
341,6,2,97.34,48.67
342,13,5,376.62,75.32
343,20,6,170.05,28.34
344,38,6,190.36,31.73
345,3,1,243.02,243.02
346,15,6,220.41,36.74
347,19,4,96.28,24.07
348,23,8,263.37,32.92
349,51,4,132.03,33.01
350,5,4,101.14,25.28
351,49,4,134.21,33.55
352,35,5,131.8,26.36
353,24,5,142.04,28.41
354,36,4,179.47,44.87
355,15,4,103.71,25.93
356,4,4,237.94,59.48
357,32,3,125.35,41.78
358,22,5,144.87,28.97
359,30,2,104.77,52.38
360,12,1,52.05,52.05
361,71,8,191.98,24.0
362,26,2,100.88,50.44
363,2,2,143.39,71.69
364,17,2,158.72,79.36
365,42,4,136.64,34.16
366,47,2,110.91,55.46
367,20,4,178.38,44.6
368,67,7,371.29,53.04
369,9,2,127.84,63.92
370,15,3,108.51,36.17
371,68,4,118.04,29.51
372,67,4,239.21,59.8
373,34,8,166.32,20.79
374,58,6,174.44,29.07
375,2,3,97.77,32.59
376,60,2,185.47,92.74
377,11,8,358.63,44.83
378,5,6,189.89,31.65
379,8,4,124.02,31.0
380,16,3,134.97,44.99
381,8,4,192.87,48.22
382,11,3,184.73,61.58
383,4,5,174.97,34.99
384,10,4,280.27,70.07
385,25,4,131.9,32.98
386,17,7,201.11,28.73
387,12,2,103.74,51.87
388,41,5,202.67,40.53
389,67,3,212.26,70.75
390,42,3,85.9,28.63
391,12,4,110.32,27.58
392,40,4,184.06,46.02
393,4,2,71.11,35.56
394,4,4,146.64,36.66
395,12,3,123.41,41.14
396,49,5,285.43,57.09
397,8,7,384.81,54.97
398,1,6,175.67,29.28
399,4,6,242.74,40.46
400,58,4,143.91,35.98
401,30,4,226.48,56.62
402,8,1,50.26,50.26
403,24,4,261.47,65.37
404,22,5,150.1,30.02
405,31,7,162.13,23.16
406,7,3,113.29,37.76
407,59,2,107.43,53.72
408,11,3,91.88,30.63
409,35,3,140.43,46.81
410,0,2,173.85,86.92
411,13,3,101.34,33.78
412,13,6,348.17,58.03
413,23,7,496.5,70.93
414,2,5,168.43,33.69
415,46,3,188.0,62.67
416,7,6,230.44,38.41
417,33,5,174.86,34.97
418,48,4,148.76,37.19
419,24,5,115.34,23.07
420,40,1,94.43,94.43
421,32,3,205.16,68.39
422,13,3,111.41,37.14
423,49,4,304.16,76.04
424,10,6,231.76,38.63
425,25,4,261.91,65.48
426,41,6,189.98,31.66
427,14,3,154.07,51.36
428,10,5,225.93,45.19
429,18,6,183.65,30.61
430,51,3,235.74,78.58
431,79,2,92.43,46.22
432,23,1,301.76,301.76
433,32,5,129.43,25.89
434,70,4,198.96,49.74
435,3,5,147.83,29.57
436,7,2,76.54,38.27
437,37,2,78.3,39.15
438,52,3,63.04,21.01
439,58,3,93.53,31.18
440,16,2,190.92,95.46
441,2,3,201.97,67.32
442,17,6,147.78,24.63
443,7,3,177.82,59.27
444,10,4,124.94,31.24
445,44,5,111.69,22.34
446,2,3,212.49,70.83
447,52,3,226.8,75.6
448,16,3,112.65,37.55
449,27,6,303.38,50.56
450,2,4,157.83,39.46
451,12,3,149.75,49.92
452,2,5,174.36,34.87
453,97,8,187.14,23.39
454,49,2,108.13,54.06
455,18,8,188.41,23.55
456,7,4,201.65,50.41
457,81,2,170.99,85.5
458,12,3,71.41,23.8
459,5,2,167.4,83.7
460,24,5,178.03,35.61
461,86,4,94.93,23.73
462,0,3,156.45,52.15
463,8,2,101.81,50.9
464,83,3,105.61,35.2
465,5,4,108.96,27.24
466,3,4,187.77,46.94
467,25,2,128.4,64.2
468,59,8,251.6,31.45
469,19,3,238.15,79.38
470,156,4,303.5,75.88
471,34,5,108.58,21.72
472,2,4,188.51,47.13
473,148,7,193.98,27.71
474,15,6,240.52,40.09
475,10,3,103.26,34.42
476,24,2,320.66,160.33
477,10,6,244.18,40.7
478,2,4,151.39,37.85
479,0,6,305.42,50.9
480,17,2,79.28,39.64
481,54,4,208.1,52.02
482,25,4,149.22,37.3
483,214,4,156.67,39.17
484,10,3,412.52,137.51
485,9,2,150.12,75.06
486,5,5,143.26,28.65
487,5,2,115.42,57.71
488,10,8,205.17,25.65
489,47,3,109.84,36.61
490,70,4,171.2,42.8
491,110,4,126.95,31.74
492,7,7,324.8,46.4
493,63,3,130.35,43.45
494,11,2,119.45,59.72
495,3,6,172.54,28.76
496,61,3,86.32,28.77
497,30,7,169.86,24.27
498,5,4,178.17,44.54
499,16,5,163.98,32.8
500,10,3,162.78,54.26
501,40,1,187.63,187.63
502,18,4,124.59,31.15
503,136,6,433.18,72.2
504,1,4,115.33,28.83
505,13,3,88.81,29.6
506,19,4,233.4,58.35
507,20,4,161.39,40.35
508,11,3,102.84,34.28
509,39,3,86.48,28.83
510,62,4,116.17,29.04
511,83,3,145.59,48.53
512,49,2,246.74,123.37
513,57,3,76.12,25.37
514,23,5,191.61,38.32
515,52,5,238.06,47.61
516,10,5,154.98,31.0
517,15,4,293.5,73.38
518,11,4,180.56,45.14
519,18,2,187.23,93.62
520,10,5,242.99,48.6
521,97,3,239.34,79.78
522,11,3,133.23,44.41
523,3,3,297.72,99.24
524,22,7,217.47,31.07
525,1,2,108.45,54.22
526,3,3,125.98,41.99
527,7,3,122.1,40.7
528,18,3,121.99,40.66
529,17,6,206.58,34.43
530,48,4,168.57,42.14
531,40,2,127.62,63.81
532,16,4,150.72,37.68
533,12,6,262.68,43.78
534,11,5,194.59,38.92
535,44,5,213.28,42.66
536,1,6,157.26,26.21
537,0,3,86.82,28.94
538,47,4,212.67,53.17
539,19,3,207.43,69.14
540,4,9,214.72,23.86
541,8,4,110.94,27.74
542,80,5,288.62,57.72
543,58,6,175.38,29.23
544,37,5,146.86,29.37
545,19,4,110.77,27.69
546,22,4,111.11,27.78
547,110,2,348.25,174.12
548,101,5,174.3,34.86
549,7,5,164.31,32.86
550,49,4,108.7,27.18
551,6,3,75.1,25.03
552,7,6,366.2,61.03
553,33,2,205.99,103.0
554,15,8,252.43,31.55
555,80,4,146.43,36.61
556,2,5,189.85,37.97
557,21,3,147.71,49.24
558,75,1,222.98,222.98
559,70,5,209.47,41.89
560,5,4,134.32,33.58
561,13,5,143.03,28.61
562,28,4,161.12,40.28
563,5,2,108.23,54.12
564,103,1,125.65,125.65
565,73,4,91.67,22.92
566,5,3,150.8,50.27
567,3,7,175.78,25.11
568,2,3,110.11,36.7
569,72,5,173.85,34.77
570,6,4,303.53,75.88
571,16,8,276.67,34.58
572,17,6,192.55,32.09
573,27,5,123.61,24.72
574,2,2,119.45,59.72
575,7,7,175.01,25.0
576,80,2,204.18,102.09
577,71,3,137.18,45.73
578,45,2,70.32,35.16
579,0,4,153.43,38.36
580,11,3,219.58,73.19
581,29,2,195.31,97.66
582,9,1,87.91,87.91
583,72,2,175.13,87.56
584,30,2,135.68,67.84
585,2,6,181.59,30.26
586,71,3,75.82,25.27
587,94,7,268.77,38.4
588,2,3,101.88,33.96
589,22,6,213.35,35.56
590,10,3,74.62,24.87
591,14,2,128.2,64.1
592,5,2,113.44,56.72
593,25,3,174.29,58.1
594,95,4,144.31,36.08
595,20,3,144.94,48.31
596,2,2,196.31,98.16
597,29,6,408.85,68.14
598,12,6,454.23,75.7
599,58,3,433.31,144.44
600,17,2,120.74,60.37
601,6,4,173.42,43.36
602,6,1,300.59,300.59
603,43,3,257.03,85.68
604,9,7,189.83,27.12
605,43,8,199.58,24.95
606,6,4,90.85,22.71
607,11,4,188.45,47.11
608,18,4,286.29,71.57
609,86,2,83.29,41.64
610,80,4,124.91,31.23
611,6,5,227.64,45.53
612,13,5,271.88,54.38
613,4,2,136.84,68.42
614,21,4,123.39,30.85
615,18,1,88.91,88.91
616,69,3,121.08,40.36
617,79,5,223.8,44.76
618,14,7,183.68,26.24
619,20,4,106.0,26.5
620,67,3,71.23,23.74
621,49,5,150.46,30.09
622,0,3,219.89,73.3
623,11,5,137.69,27.54
624,16,3,77.44,25.81
625,7,7,166.75,23.82
626,6,3,93.78,31.26
627,1,1,70.93,70.93
628,30,6,143.84,23.97
629,9,4,224.41,56.1
630,1,3,90.24,30.08
631,7,6,221.43,36.9
632,48,5,149.84,29.97
633,57,5,140.65,28.13
634,19,8,295.68,36.96
635,16,3,134.68,44.89
636,114,3,247.84,82.61
637,6,6,171.85,28.64
638,7,5,129.92,25.98
639,10,4,141.02,35.26
640,5,3,106.67,35.56
641,14,5,341.63,68.33
642,72,5,145.03,29.01
643,28,6,223.76,37.29
644,15,2,119.07,59.54
645,81,3,89.37,29.79
646,1,2,77.97,38.98
647,7,5,190.07,38.01
648,25,2,130.34,65.17
649,28,4,140.28,35.07
650,1,2,112.9,56.45
651,15,3,74.29,24.76
652,31,6,157.08,26.18
653,35,5,259.64,51.93
654,30,4,130.8,32.7
655,11,4,239.13,59.78
656,2,6,296.06,49.34
657,16,4,254.71,63.68
658,4,3,295.68,98.56
659,88,2,153.66,76.83
660,19,3,289.64,96.55
661,11,2,192.16,96.08
662,43,3,72.71,24.24
663,20,2,146.07,73.04
664,11,4,413.86,103.46
665,50,4,89.95,22.49
666,60,7,218.1,31.16
667,33,6,148.84,24.81
668,1,7,179.82,25.69
669,25,2,90.16,45.08
670,43,3,165.58,55.19
671,4,5,159.56,31.91
672,7,3,163.08,54.36
673,64,2,310.14,155.07
674,0,5,264.17,52.83
675,41,5,189.73,37.95
676,19,2,104.12,52.06
677,17,5,211.61,42.32
678,0,4,92.62,23.16
679,51,2,95.03,47.52
680,13,3,174.96,58.32
681,23,2,128.52,64.26
682,33,3,231.56,77.19
683,36,3,214.88,71.63
684,93,4,188.89,47.22
685,22,5,159.76,31.95
686,15,5,149.52,29.9
687,92,1,198.79,198.79
688,30,4,189.55,47.39
689,10,1,57.59,57.59
690,4,4,240.62,60.16
691,55,2,145.81,72.9
692,13,5,173.16,34.63
693,32,6,262.96,43.83
694,19,2,160.89,80.44
695,6,4,282.09,70.52
696,27,4,281.0,70.25
697,1,4,133.04,33.26
698,15,3,138.79,46.26
699,23,4,141.5,35.38
700,17,4,348.64,87.16
701,41,5,244.19,48.84
702,52,4,159.76,39.94
703,44,2,83.82,41.91
704,1,3,146.18,48.73
705,6,5,106.82,21.36
706,23,2,103.52,51.76
707,81,5,134.33,26.87
708,54,3,218.0,72.67
709,55,2,104.23,52.12
710,10,6,210.56,35.09
711,16,7,215.45,30.78
712,19,2,202.67,101.34
713,5,8,325.55,40.69
714,0,5,222.38,44.48
715,88,4,185.05,46.26
716,8,4,97.32,24.33
717,8,1,90.36,90.36
718,2,4,264.95,66.24
719,79,4,176.95,44.24
720,26,2,104.38,52.19
721,32,1,75.45,75.45
722,72,3,115.76,38.59
723,12,5,189.67,37.93
724,29,7,190.6,27.23
725,1,4,255.85,63.96
726,6,4,94.54,23.64
727,53,3,201.46,67.15
728,43,2,250.14,125.07
729,12,1,52.02,52.02
730,14,3,190.97,63.66
731,22,7,250.59,35.8
732,0,7,181.43,25.92
733,8,4,109.08,27.27
734,7,4,197.16,49.29
735,8,3,331.31,110.44
736,49,6,312.1,52.02
737,9,4,211.65,52.91
738,6,3,175.88,58.63
739,21,3,156.88,52.29
740,60,3,138.22,46.07
741,8,4,201.65,50.41
742,2,2,80.9,40.45
743,13,7,292.47,41.78
744,41,5,182.58,36.52
745,24,7,223.58,31.94
746,50,3,298.02,99.34
747,96,6,146.29,24.38
748,47,3,194.98,64.99
749,27,4,298.41,74.6
750,20,7,263.22,37.6
751,1,7,239.02,34.15
752,124,6,200.48,33.41
753,14,5,252.91,50.58
754,4,4,199.72,49.93
755,32,2,105.74,52.87
756,10,5,180.2,36.04
757,26,4,199.06,49.76
758,26,5,136.64,27.33
759,17,3,110.72,36.91
760,54,3,265.39,88.46
761,9,5,162.5,32.5
762,17,5,129.17,25.83
763,23,2,163.41,81.7
764,32,3,263.99,88.0
765,45,5,125.56,25.11
766,15,3,229.47,76.49
767,31,4,298.43,74.61
768,4,6,283.2,47.2
769,80,3,136.4,45.47
770,14,3,235.4,78.47
771,39,3,247.26,82.42
772,0,3,90.89,30.3
773,6,5,245.84,49.17
774,20,3,151.81,50.6
775,63,3,149.07,49.69
776,22,4,94.27,23.57
777,79,3,70.47,23.49
778,19,3,152.16,50.72
779,20,3,136.15,45.38
780,3,6,195.37,32.56
781,48,5,168.91,33.78
782,8,5,135.49,27.1
783,68,5,253.33,50.67
784,72,5,316.33,63.27
785,86,5,121.01,24.2
786,22,1,157.11,157.11
787,33,2,66.89,33.44
788,45,5,168.54,33.71
789,4,2,154.63,77.32
790,27,5,146.42,29.28
791,1,2,79.89,39.94
792,20,3,143.72,47.91
793,5,3,211.96,70.65
794,6,2,94.72,47.36
795,13,5,139.65,27.93
796,16,8,217.59,27.2
797,29,4,263.46,65.86
798,2,5,185.16,37.03
799,21,6,210.24,35.04
800,6,4,143.33,35.83
801,25,3,132.71,44.24
802,30,4,219.49,54.87
803,24,3,152.47,50.82
804,40,3,318.59,106.2
805,12,5,156.99,31.4
806,43,2,246.04,123.02
807,17,6,142.26,23.71
808,19,3,152.9,50.97
809,31,4,163.98,41.0
810,0,7,347.3,49.61
811,31,4,144.6,36.15
812,28,4,332.3,83.08
813,11,8,179.73,22.47
814,2,4,124.4,31.1
815,2,2,87.14,43.57
816,77,1,45.78,45.78
817,35,4,164.79,41.2
818,4,2,107.34,53.67
819,13,3,229.74,76.58
820,26,2,68.29,34.15
821,54,4,413.16,103.29
822,1,2,282.28,141.14
823,8,3,110.91,36.97
824,66,5,234.65,46.93
825,0,4,131.56,32.89
826,6,5,231.84,46.37
827,95,3,83.98,27.99
828,28,3,188.38,62.79
829,9,4,140.34,35.08
830,2,2,60.48,30.24
831,0,3,139.57,46.52
832,8,5,182.87,36.57
833,63,7,235.37,33.62
834,16,5,354.83,70.97
835,38,2,100.57,50.28
836,75,5,173.36,34.67
837,15,5,122.38,24.48
838,6,2,149.35,74.68
839,21,6,195.0,32.5
840,71,3,91.42,30.47
841,48,2,131.63,65.82
842,2,5,137.3,27.46
843,35,4,386.77,96.69
844,25,4,144.15,36.04
845,71,7,168.69,24.1
846,3,5,224.84,44.97
847,22,10,226.34,22.63
848,63,4,241.68,60.42
849,15,3,85.65,28.55
850,19,4,220.04,55.01
851,2,3,229.33,76.44
852,9,6,350.53,58.42
853,11,5,142.09,28.42
854,87,4,235.73,58.93
855,9,6,299.65,49.94
856,18,4,127.92,31.98
857,33,2,56.73,28.36
858,5,4,105.26,26.32
859,19,8,185.97,23.25
860,40,4,145.75,36.44
861,60,3,162.07,54.02
862,29,6,175.83,29.31
863,33,3,151.57,50.52
864,4,5,296.89,59.38
865,87,2,89.12,44.56
866,4,4,155.64,38.91
867,44,9,307.36,34.15
868,9,4,199.14,49.78
869,81,6,243.92,40.65
870,38,7,196.87,28.12
871,42,6,263.5,43.92
872,7,5,191.76,38.35
873,17,4,108.09,27.02
874,28,5,185.79,37.16
875,44,1,86.9,86.9
876,3,9,188.94,20.99
877,98,3,367.57,122.52
878,66,5,185.6,37.12
879,9,1,310.11,310.11
880,51,2,152.44,76.22
881,21,8,195.39,24.42
882,18,5,131.12,26.22
883,11,6,228.62,38.1
884,26,2,136.45,68.22
885,39,6,167.97,28.0
886,15,2,131.92,65.96
887,29,3,350.41,116.8
888,36,2,334.71,167.36
889,37,5,227.06,45.41
890,1,4,141.65,35.41
891,58,2,140.59,70.3
892,18,4,121.14,30.28
893,9,3,193.71,64.57
894,8,3,85.45,28.48
895,19,2,141.35,70.68
896,65,4,248.37,62.09
897,14,3,179.69,59.9
898,41,4,119.98,30.0
899,3,4,285.64,71.41
900,19,6,205.06,34.18
901,143,7,226.63,32.38
902,44,4,211.46,52.86
903,7,6,160.9,26.82
904,20,3,123.3,41.1
905,7,3,243.62,81.21
906,15,5,119.04,23.81
907,45,4,193.38,48.34
908,44,3,104.4,34.8
909,7,2,104.91,52.46
910,76,6,158.29,26.38
911,26,4,134.04,33.51
912,14,5,180.03,36.01
913,20,2,114.84,57.42
914,27,4,123.65,30.91
915,24,5,108.78,21.76
916,19,3,99.22,33.07
917,21,3,101.18,33.73
918,5,3,193.81,64.6
919,50,5,136.55,27.31
920,23,6,166.9,27.82
921,4,3,242.36,80.79
922,43,3,122.45,40.82
923,80,5,213.08,42.62
924,88,1,56.2,56.2
925,13,4,262.61,65.65
926,4,1,101.49,101.49
927,21,3,83.63,27.88
928,3,3,195.4,65.13
929,81,2,111.15,55.58
930,6,5,266.66,53.33
931,8,6,316.52,52.75
932,15,2,101.22,50.61
933,14,5,193.07,38.61
934,47,1,106.64,106.64
935,18,7,361.23,51.6
936,5,6,160.23,26.7
937,9,2,60.43,30.22
938,21,6,191.17,31.86
939,4,2,78.39,39.2
940,28,5,173.64,34.73
941,25,3,270.73,90.24
942,37,2,143.94,71.97
943,83,4,191.36,47.84
944,72,4,149.01,37.25
945,87,7,188.63,26.95
946,8,1,107.06,107.06
947,4,4,126.82,31.7
948,10,6,233.14,38.86
949,67,2,72.39,36.2
950,107,4,120.46,30.12
951,58,5,165.04,33.01
952,3,3,113.39,37.8
953,88,4,173.46,43.36
954,16,8,548.02,68.5
955,0,2,220.44,110.22
956,17,4,232.92,58.23
957,1,4,95.06,23.76
958,23,2,167.01,83.5
959,12,2,169.57,84.78
960,19,3,175.49,58.5
961,28,3,101.67,33.89
962,60,7,234.9,33.56
963,32,2,151.2,75.6
964,17,4,138.81,34.7
965,51,4,199.95,49.99
966,70,5,241.69,48.34
967,3,3,132.6,44.2
968,22,4,113.56,28.39
969,10,5,114.98,23.0
970,1,3,127.98,42.66
971,33,4,115.21,28.8
972,59,3,118.44,39.48
973,5,5,210.18,42.04
974,50,2,150.42,75.21
975,57,4,137.79,34.45
976,73,6,161.14,26.86
977,9,3,126.84,42.28
978,70,5,302.28,60.46
979,11,3,71.68,23.89
980,24,2,98.98,49.49
981,1,4,109.57,27.39
982,1,5,255.05,51.01
983,38,8,269.25,33.66
984,17,5,189.81,37.96
985,8,7,177.73,25.39
986,6,5,129.34,25.87
987,33,2,149.14,74.57
988,0,2,118.59,59.3
989,49,8,199.33,24.92
990,2,5,180.08,36.02
991,6,4,148.39,37.1
992,14,4,242.89,60.72
993,19,4,197.61,49.4
994,13,4,152.02,38.01
995,11,2,136.08,68.04
996,99,2,151.06,75.53
997,30,4,163.38,40.84
998,0,1,41.89,41.89
999,16,4,276.66,69.17
1000,62,4,402.16,100.54
